PolitiqueQSE;Politique QSE
MNL_01;Manuel QSE
PCM_01;Piloter le SMI
PCR_01;Ecouter le client et établir les contrats
PCR_02;Maitriser les études
PCR_03;Réaliser les ouvrages
PCR_04;Gérer la production des éléments métalliques, en bois et les activités intermédiaires
PCS_01;Gérer les compétences
PCS_02;Maitriser les achats et la sous traitance
PCS_03;Gérer le matériel
PRO_01;Gestion documentaire
PRO_02;Audit interne 
PRO_03;Actions correctives 
PRO_04;Réalisation des ouvrages
PRO_05;Gestion des achats et prestations 
PRO_06;Traitement des réclamations des parties intéressées 
PRO_07;Gestion du commercial 
PRO_08;Gestion des RH et des compétences 
PRO_09;Gestion du plan de contrôle de réalisation
PRO_10;Gestion situations d’urgence
PRO_11;Production et contrôle du béton 
PRO_12;Gestion du produit non conforme
PRO_13;Communication 
PRO_14;Gestion du budget
PRO_15;Gestion des incidents 
PRO_16;Maitrise des études 
PRO_17;Gestion des coffrages
PRO_18;Fabrication et montage des éléments métallique, bois et des produits intermédiaires
PRO_19;Gestion et maintenance des installations spécifiques
PRO_20;Gestion de la maintenance du matériel
PRO_21;Gestion du parc matériel 
PRO_22;Gestion du parc informatique
PRO_23;Travaux de terrassement
ManuelHSE;Manuel HSE